0	Animation
1	Adventure
2	Comedy
3	Comedy
4	Comedy
5	Action
6	Comedy
7	Adventure
8	Action
9	Action
10	Comedy
11	Comedy
12	Animation
13	Drama
14	Action
15	Drama
16	Drama
17	Thriller
18	Comedy
19	Action
20	Action
21	Crime
22	Thriller
23	Drama
24	Drama
25	Drama
26	Drama
27	Romance
28	Adventure
29	Drama
30	Drama
31	Drama
32	Adventure
33	Children's
34	Drama
35	Drama
36	Documentary
37	Comedy
38	Comedy
39	Drama
40	Drama
41	Action
42	Drama
43	Action
44	Comedy
45	Drama
46	Crime
47	Animation
48	Drama
49	Crime
50	Action
51	Comedy
52	Drama
53	Children's
54	Drama
55	Adventure
56	Drama
57	Drama
58	Drama
59	Adventure
60	Drama
61	Drama
62	Comedy
63	Comedy
64	Comedy
65	Sci-Fi
66	Drama
67	Comedy
68	Comedy
69	Action
70	Action
71	Comedy
72	Drama
73	Drama
74	Comedy
75	Sci-Fi
76	Documentary
77	Drama
78	Drama
79	Drama
80	Crime
81	Drama
82	Drama
83	Comedy
84	Drama
85	Adventure
86	Children's
87	Comedy
88	Action
89	Drama
90	Drama
91	Comedy
92	Drama
93	Action
94	Comedy
95	Drama
96	Action
97	Documentary
98	Drama
99	Comedy
100	Comedy
101	Thriller
102	Comedy
103	Drama
104	Comedy
105	Adventure
106	Documentary
107	Comedy
108	Action
109	Drama
110	Action
111	Drama
112	Drama
113	Comedy
114	Documentary
115	Crime
116	Comedy
117	Comedy
118	Drama
119	Drama
120	Comedy
121	Drama
122	Drama
123	Comedy
124	Adventure
125	Drama
126	Documentary
127	Comedy
128	Drama
129	Drama
130	Thriller
131	Comedy
132	Documentary
133	Comedy
134	Documentary
135	Documentary
136	Drama
137	Action
138	Drama
139	Comedy
140	Drama
141	Drama
142	Comedy
143	Action
144	Adventure
145	Drama
146	Drama
147	Crime
148	Drama
149	Drama
150	Horror
151	Action
152	Drama
153	Drama
154	Comedy
155	Comedy
156	Adventure
157	Drama
158	Action
159	Drama
160	Documentary
161	Action
162	Crime
163	Action
164	Comedy
165	Drama
166	Action
167	Adventure
168	Action
169	Comedy
170	Action
171	Action
172	Comedy
173	Drama
174	Comedy
175	Horror
176	Comedy
177	Drama
178	Comedy
179	Action
180	Drama
181	Thriller
182	Drama
183	Sci-Fi
184	Comedy
185	Comedy
186	Horror
187	Comedy
188	Thriller
189	Drama
190	Documentary
191	Drama
192	Drama
193	Comedy
194	Horror
195	Drama
196	Action
197	Drama
198	Thriller
199	Drama
200	Drama
201	Comedy
202	Action
203	Comedy
204	Documentary
205	Drama
206	Action
207	Drama
208	Western
209	Drama
210	Comedy
211	Drama
212	Drama
213	Drama
214	Comedy
215	Drama
216	Comedy
217	Drama
218	Horror
219	Drama
220	Comedy
221	Comedy
222	Drama
223	Thriller
224	Action
225	Comedy
226	Drama
227	Drama
228	Comedy
229	Comedy
230	Drama
231	Comedy
232	Comedy
233	Comedy
234	Comedy
235	Adventure
236	Animation
237	Thriller
238	Children's
239	Drama
240	Comedy
241	Animation
242	Crime
243	Documentary
244	Drama
245	Comedy
246	Drama
247	Children's
248	Action
249	Comedy
250	Drama
251	Drama
252	Comedy
253	Comedy
254	Mystery
255	Adventure
256	Crime
257	Action
258	Drama
259	Children's
260	Drama
261	Drama
262	Drama
263	Drama
264	Comedy
265	Drama
266	Drama
267	Drama
268	Drama
269	Drama
270	Drama
271	Comedy
272	Comedy
273	Comedy
274	Drama
275	Comedy
276	Drama
277	Drama
278	Drama
279	Drama
280	Crime
281	Action
282	Drama
283	Action
284	Comedy
285	Action
286	Comedy
287	Crime
288	Thriller
289	Action
290	Crime
291	Comedy
292	Comedy
293	Crime
294	Drama
295	Comedy
296	Drama
297	Drama
298	Drama
299	Drama
300	Action
301	Comedy
302	Comedy
303	Drama
304	Drama
305	Drama
306	Drama
307	Comedy
308	Horror
309	Comedy
310	Animation
311	Drama
312	Action
313	Action
314	Children's
315	Drama
316	Thriller
317	Film-Noir
318	Drama
319	Comedy
320	Comedy
321	Comedy
322	Drama
323	Action
324	Horror
325	Action
326	Comedy
327	Drama
328	Horror
329	Comedy
330	Drama
331	Mystery
332	Drama
333	Drama
334	Sci-Fi
335	Comedy
336	Adventure
337	Drama
338	Comedy
339	Children's
340	Comedy
341	Comedy
342	Drama
343	Drama
344	Comedy
345	Action
346	Drama
347	Comedy
348	Comedy
349	Action
350	Drama
351	Children's
352	Comedy
353	Comedy
354	Drama
355	Comedy
356	Action
357	Drama
358	Adventure
359	Documentary
360	Animation
361	Drama
362	Horror
363	Comedy
364	Action
365	Drama
366	Comedy
367	Comedy
368	Comedy
369	Thriller
370	Children's
371	Drama
372	Action
373	Action
374	Comedy
375	Action
376	Action
377	Drama
378	Drama
379	Western
380	Action
381	Drama
382	Drama
383	Action
384	Drama
385	Drama
386	Action
387	Crime
388	Adventure
389	Action
390	Action
391	Drama
392	Drama
393	Horror
394	Documentary
395	Drama
396	Drama
397	Action
398	Comedy
399	Comedy
400	Documentary
401	Action
402	Drama
403	Horror
404	Drama
405	Drama
406	Comedy
407	Comedy
408	Drama
409	Comedy
410	Comedy
411	Comedy
412	Western
413	Comedy
414	Drama
415	Comedy
416	Action
417	Adventure
418	Thriller
419	Action
420	Drama
421	Drama
422	Horror
423	Mystery
424	Drama
425	Comedy
426	Drama
427	Crime
428	Comedy
429	Comedy
430	Action
431	Comedy
432	Drama
433	Comedy
434	Action
435	Drama
436	Comedy
437	Comedy
438	Action
439	Documentary
440	Comedy
441	Comedy
442	Drama
443	Comedy
444	Drama
445	Comedy
446	Comedy
447	Drama
448	Drama
449	Comedy
450	Drama
451	Adventure
452	Drama
453	Action
454	Drama
455	Action
456	Comedy
457	Drama
458	Action
459	Crime
460	Action
461	Action
462	Action
463	Comedy
464	Comedy
465	Drama
466	Comedy
467	Comedy
468	Comedy
469	Comedy
470	Action
471	Drama
472	Comedy
473	Drama
474	Comedy
475	Action
476	Action
477	Drama
478	Thriller
479	Drama
480	Adventure
481	Action
482	Comedy
483	Comedy
484	Drama
485	Comedy
486	Thriller
487	Drama
488	Comedy
489	Action
490	Action
491	Drama
492	Comedy
493	Comedy
494	Drama
495	Comedy
496	Comedy
497	Drama
498	Action
499	Drama
500	Action
501	Comedy
502	Drama
503	Action
504	Drama
505	Drama
506	Drama
507	Action
508	Horror
509	Comedy
510	Comedy
511	Drama
512	Comedy
513	Action
514	Comedy
515	Sci-Fi
516	Comedy
517	Crime
518	Action
519	Drama
520	Drama
521	Drama
522	Drama
523	Drama
524	Drama
525	Drama
526	Drama
527	Children's
528	Comedy
529	Action
530	Drama
531	Drama
532	Drama
533	Comedy
534	Drama
535	Comedy
536	Thriller
537	Film-Noir
538	Comedy
539	Comedy
540	Action
541	Drama
542	Action
543	Action
544	Action
545	Documentary
546	Comedy
547	Children's
548	Action
549	Western
550	Thriller
551	Action
552	Documentary
553	Drama
554	Action
555	Comedy
556	Drama
557	Thriller
558	Comedy
559	Drama
560	Comedy
561	Horror
562	Comedy
563	Drama
564	Comedy
565	Children's
566	Comedy
567	Drama
568	Drama
569	Drama
570	Comedy
571	Children's
572	Comedy
573	Adventure
574	Drama
575	Thriller
576	Drama
577	Documentary
578	Comedy
579	Comedy
580	Drama
581	Comedy
582	Children's
583	Comedy
584	Animation
585	Action
586	Adventure
587	Action
588	Action
589	Drama
590	Animation
591	Animation
592	Animation
593	Comedy
594	Comedy
595	Western
596	Thriller
597	Drama
598	Documentary
599	Comedy
600	Documentary
601	Drama
602	Horror
603	Drama
604	Crime
605	Adventure
606	Action
607	Action
608	Comedy
609	Drama
610	Drama
611	Drama
612	Animation
613	Drama
614	Comedy
615	Comedy
616	Drama
617	Drama
618	Romance
619	Action
620	Drama
621	Comedy
622	Drama
623	Drama
624	Drama
625	Drama
626	Animation
627	War
628	Comedy
629	Comedy
630	Comedy
631	Drama
632	Comedy
633	Romance
634	Comedy
635	Drama
636	Comedy
637	Drama
638	Comedy
639	Comedy
640	Drama
641	Drama
642	Action
643	Comedy
644	Drama
645	Comedy
646	Mystery
647	Action
648	Drama
649	Comedy
650	Comedy
651	Comedy
652	Drama
653	Crime
654	Drama
655	Animation
656	Thriller
657	Comedy
658	Comedy
659	War
660	Drama
661	Action
662	Drama
663	Drama
664	Drama
665	Comedy
666	Drama
667	Adventure
668	Adventure
669	Action
670	Drama
671	Drama
672	Drama
673	Sci-Fi
674	Crime
675	Documentary
676	Documentary
677	Drama
678	Drama
679	Drama
680	Action
681	Romance
682	Comedy
683	Action
684	Drama
685	Action
686	Mystery
687	Thriller
688	Drama
689	Drama
690	Drama
691	Comedy
692	Drama
693	Drama
694	Drama
695	Action
696	Comedy
697	Drama
698	Crime
699	Comedy
700	Animation
701	Comedy
702	Adventure
703	Drama
704	Drama
705	Western
706	Drama
707	Crime
708	Comedy
709	Comedy
710	Comedy
711	Animation
712	Drama
713	Documentary
714	Drama
715	Drama
716	Comedy
717	Drama
718	Documentary
719	Comedy
720	Drama
721	Drama
722	Mystery
723	Crime
724	Action
725	Comedy
726	Comedy
727	Action
728	Action
729	Drama
730	Comedy
731	Animation
732	Horror
733	Comedy
734	Drama
735	Animation
736	Film-Noir
737	Comedy
738	Action
739	Drama
740	Sci-Fi
741	Comedy
742	Comedy
743	Comedy
744	Adventure
745	Children's
746	Documentary
747	Drama
748	Drama
749	Documentary
750	War
751	Adventure
752	Comedy
753	Drama
754	Drama
755	Comedy
756	Drama
757	Drama
758	Drama
759	Documentary
760	Drama
761	Comedy
762	Comedy
763	Drama
764	Drama
765	Horror
766	Comedy
767	War
768	Drama
769	Drama
770	Action
771	Drama
772	Thriller
773	Animation
774	Comedy
775	Comedy
776	Action
777	Documentary
778	Comedy
779	Drama
780	Drama
781	Documentary
782	Fantasy
783	Drama
784	Comedy
785	Drama
786	Drama
787	Comedy
788	Action
789	Comedy
790	Drama
791	Children's
792	Drama
793	Romance
794	Comedy
795	Drama
796	Drama
797	Comedy
798	Adventure
799	Action
800	Children's
801	Comedy
802	Drama
803	Comedy
804	Drama
805	Action
806	Drama
807	Comedy
808	Comedy
809	Drama
810	Romance
811	Drama
812	Drama
813	Drama
814	Comedy
815	Drama
816	Drama
817	Adventure
818	Comedy
819	Comedy
820	Drama
821	Drama
822	Comedy
823	Comedy
824	Drama
825	Action
826	Children's
827	Comedy
828	Action
829	Comedy
830	Horror
831	Horror
832	Drama
833	Drama
834	Drama
835	Drama
836	Comedy
837	Drama
838	Action
839	Crime
840	Drama
841	Comedy
842	Drama
843	Drama
844	Drama
845	Comedy
846	Drama
847	Action
848	Documentary
849	Comedy
850	Action
851	Drama
852	Comedy
853	Comedy
854	Drama
855	Crime
856	Comedy
857	Comedy
858	Crime
859	Comedy
860	Comedy
861	Drama
862	Drama
863	Crime
864	Drama
865	Action
866	Drama
867	Drama
868	Horror
869	Sci-Fi
870	Children's
871	Drama
872	Drama
873	Children's
874	Action
875	Drama
876	Animation
877	Romance
878	Thriller
879	Horror
880	Comedy
881	Drama
882	Romance
883	Drama
884	Drama
885	Adventure
886	Comedy
887	Musical
888	Musical
889	Comedy
890	Drama
891	Mystery
892	Mystery
893	Comedy
894	Mystery
895	Comedy
896	Drama
897	Comedy
898	Comedy
899	Comedy
900	Drama
901	Film-Noir
902	Musical
903	Comedy
904	Comedy
905	Children's
906	Musical
907	Adventure
908	Drama
909	Comedy
910	Film-Noir
911	Drama
912	Drama
913	Adventure
914	Drama
915	Comedy
916	Romance
917	Thriller
918	Film-Noir
919	Mystery
920	Romance
921	Comedy
922	Comedy
923	Comedy
924	Comedy
925	Comedy
926	Musical
927	Comedy
928	Action
929	Adventure
930	Crime
931	Drama
932	Drama
933	Comedy
934	Comedy
935	Comedy
936	Drama
937	Drama
938	Mystery
939	Comedy
940	Adventure
941	Drama
942	Drama
943	Comedy
944	Drama
945	Drama
946	Comedy
947	Drama
948	Crime
949	Drama
950	Crime
951	Musical
952	Western
953	Thriller
954	Drama
955	Western
956	Horror
957	Action
958	Comedy
959	Drama
960	Drama
961	Drama
962	Drama
963	Comedy
964	Romance
965	Mystery
966	Drama
967	Drama
968	Action
969	Drama
970	Drama
971	Romance
972	Comedy
973	Documentary
974	Adventure
975	Drama
976	Comedy
977	Drama
978	Action
979	Drama
980	Thriller
981	Drama
982	Drama
983	Action
984	Drama
985	Action
986	Crime
987	Crime
988	Comedy
989	Comedy
990	Drama
991	Action
992	Children's
993	Drama
994	Children's
995	Western
996	Adventure
997	Children's
998	Adventure
999	Children's
1000	Children's
1001	Children's
1002	Adventure
1003	Children's
1004	Adventure
1005	Children's
1006	Adventure
1007	Comedy
1008	Children's
1009	Animation
1010	Animation
1011	Animation
1012	Animation
1013	Children's
1014	Drama
1015	Children's
1016	Animation
1017	Adventure
1018	Adventure
1019	Animation
1020	Animation
1021	Crime
1022	Musical
1023	Action
1024	Action
1025	Drama
1026	Documentary
1027	Drama
1028	Drama
1029	Comedy
1030	Drama
1031	Drama
1032	Comedy
1033	Drama
1034	Action
1035	Action
1036	Documentary
1037	Drama
1038	Drama
1039	Crime
1040	Drama
1041	Thriller
1042	Drama
1043	Comedy
1044	Drama
1045	Drama
1046	Comedy
1047	Crime
1048	Drama
1049	Drama
1050	Animation
1051	Mystery
1052	Comedy
1053	Comedy
1054	Crime
1055	Film-Noir
1056	Adventure
1057	Romance
1058	Adventure
1059	Comedy
1060	Thriller
1061	Comedy
1062	Comedy
1063	Comedy
1064	Comedy
1065	Comedy
1066	Drama
1067	Comedy
1068	Crime
1069	Adventure
1070	Mystery
1071	Musical
1072	Musical
1073	Crime
1074	Drama
1075	Comedy
1076	Mystery
1077	Drama
1078	Drama
1079	Drama
1080	Drama
1081	Children's
1082	Comedy
1083	Drama
1084	Action
1085	Action
1086	Action
1087	Drama
1088	Drama
1089	Horror
1090	Documentary
1091	Comedy
1092	Documentary
1093	Drama
1094	Action
1095	Documentary
1096	Action
1097	Comedy
1098	Drama
1099	Comedy
1100	Drama
1101	Drama
1102	Adventure
1103	Drama
1104	Drama
1105	Drama
1106	Documentary
1107	Documentary
1108	Drama
1109	Comedy
1110	Comedy
1111	Action
1112	Horror
1113	Action
1114	Horror
1115	Drama
1116	Drama
1117	Comedy
1118	Action
1119	Comedy
1120	Comedy
1121	Romance
1122	Documentary
1123	Drama
1124	Drama
1125	Drama
1126	Drama
1127	Comedy
1128	Documentary
1129	Documentary
1130	Comedy
1131	Documentary
1132	Animation
1133	Documentary
1134	Drama
1135	Animation
1136	Crime
1137	Film-Noir
1138	Film-Noir
1139	Drama
1140	Drama
1141	Drama
1142	Comedy
1143	Romance
1144	Comedy
1145	Drama
1146	Comedy
1147	Drama
1148	Drama
1149	Drama
1150	Comedy
1151	Comedy
1152	Horror
1153	Documentary
1154	Action
1155	Comedy
1156	Comedy
1157	Drama
1158	Comedy
1159	Comedy
1160	Drama
1161	Drama
1162	Drama
1163	Crime
1164	Comedy
1165	Action
1166	Drama
1167	Comedy
1168	Drama
1169	Drama
1170	Drama
1171	Comedy
1172	Documentary
1173	Drama
1174	Documentary
1175	Documentary
1176	Drama
1177	Comedy
1178	Action
1179	Action
1180	Action
1181	Sci-Fi
1182	Action
1183	Action
1184	Comedy
1185	Drama
1186	Adventure
1187	Action
1188	Sci-Fi
1189	Drama
1190	Drama
1191	Western
1192	Action
1193	Comedy
1194	Mystery
1195	Crime
1196	Action
1197	Action
1198	Adventure
1199	Drama
1200	Action
1201	Horror
1202	Action
1203	Action
1204	Action
1205	Animation
1206	Drama
1207	Drama
1208	Comedy
1209	Crime
1210	Drama
1211	Comedy
1212	Drama
1213	Mystery
1214	Action
1215	Comedy
1216	Comedy
1217	Comedy
1218	Drama
1219	Comedy
1220	Action
1221	Comedy
1222	Action
1223	Comedy
1224	Comedy
1225	Drama
1226	Drama
1227	Drama
1228	Crime
1229	Thriller
1230	Drama
1231	Drama
1232	Film-Noir
1233	Drama
1234	Adventure
1235	Comedy
1236	Comedy
1237	Comedy
1238	Horror
1239	Adventure
1240	Crime
1241	Action
1242	Adventure
1243	Drama
1244	Action
1245	Comedy
1246	Western
1247	Film-Noir
1248	Drama
1249	Comedy
1250	Comedy
1251	Drama
1252	Drama
1253	Comedy
1254	Adventure
1255	Action
1256	Comedy
1257	Action
1258	Comedy
1259	Comedy
1260	Drama
1261	Comedy
1262	Animation
1263	Western
1264	Film-Noir
1265	Comedy
1266	Drama
1267	Action
1268	Comedy
1269	Documentary
1270	Drama
1271	Action
1272	Comedy
1273	Drama
1274	Comedy
1275	Drama
1276	Drama
1277	Comedy
1278	Drama
1279	Drama
1280	Drama
1281	Sci-Fi
1282	Drama
1283	Adventure
1284	Action
1285	Drama
1286	Drama
1287	Comedy
1288	Comedy
1289	Drama
1290	Documentary
1291	Comedy
1292	Drama
1293	Crime
1294	Romance
1295	Documentary
1296	Drama
1297	Comedy
1298	Comedy
1299	Documentary
1300	Action
1301	Horror
1302	Horror
1303	Horror
1304	Horror
1305	Horror
1306	Horror
1307	Horror
1308	Horror
1309	Horror
1310	Comedy
1311	Horror
1312	Horror
1313	Horror
1314	Horror
1315	Action
1316	Horror
1317	Horror
1318	Horror
1319	Horror
1320	Horror
1321	Horror
1322	Thriller
1323	Film-Noir
1324	Horror
1325	Horror
1326	Horror
1327	Horror
1328	Horror
1329	Horror
1330	Drama
1331	Crime
1332	Comedy
1333	Drama
1334	Horror
1335	Action
1336	Drama
1337	Drama
1338	Adventure
1339	Drama
1340	Documentary
1341	Drama
1342	Drama
1343	Action
1344	Drama
1345	Drama
1346	Children's
1347	Drama
1348	Drama
1349	Action
1350	Action
1351	Action
1352	Action
1353	Action
1354	Action
1355	Action
1356	Action
1357	Action
1358	Action
1359	Comedy
1360	Comedy
1361	Action
1362	Action
1363	Drama
1364	Action
1365	Western
1366	Action
1367	Action
1368	Action
1369	Comedy
1370	Action
1371	Comedy
1372	Drama
1373	Comedy
1374	Comedy
1375	Crime
1376	Drama
1377	Romance
1378	Drama
1379	Drama
1380	Drama
1381	Crime
1382	Animation
1383	Drama
1384	Horror
1385	Action
1386	Comedy
1387	Comedy
1388	Drama
1389	Drama
1390	Drama
1391	Comedy
1392	Crime
1393	Drama
1394	Drama
1395	Drama
1396	Documentary
1397	Documentary
1398	Mystery
1399	Drama
1400	Action
1401	Comedy
1402	Children's
1403	Thriller
1404	Drama
1405	Action
1406	Thriller
1407	Action
1408	Action
1409	Comedy
1410	Action
1411	Comedy
1412	Drama
1413	Action
1414	Comedy
1415	Comedy
1416	Comedy
1417	Drama
1418	Documentary
1419	Comedy
1420	Comedy
1421	Comedy
1422	Crime
1423	Documentary
1424	Comedy
1425	War
1426	Comedy
1427	Comedy
1428	Comedy
1429	Comedy
1430	Comedy
1431	Romance
1432	Mystery
1433	Children's
1434	Comedy
1435	Documentary
1436	Comedy
1437	Mystery
1438	Drama
1439	Crime
1440	Comedy
1441	Comedy
1442	Documentary
1443	Drama
1444	Crime
1445	Action
1446	Children's
1447	Romance
1448	Comedy
1449	Romance
1450	Action
1451	Action
1452	Comedy
1453	Drama
1454	Mystery
1455	Comedy
1456	Drama
1457	Drama
1458	Action
1459	Animation
1460	Comedy
1461	Romance
1462	Comedy
1463	Action
1464	Drama
1465	Action
1466	Drama
1467	Action
1468	Comedy
1469	Crime
1470	Romance
1471	Comedy
1472	Drama
1473	Drama
1474	Drama
1475	Drama
1476	Drama
1477	Comedy
1478	Comedy
1479	Romance
1480	Drama
1481	Comedy
1482	Comedy
1483	Action
1484	Drama
1485	Romance
1486	Drama
1487	Action
1488	Drama
1489	Action
1490	Comedy
1491	Action
1492	Comedy
1493	Drama
1494	Drama
1495	Comedy
1496	Drama
1497	Drama
1498	Drama
1499	Comedy
1500	Adventure
1501	Comedy
1502	Comedy
1503	Comedy
1504	Drama
1505	Action
1506	Drama
1507	Comedy
1508	Children's
1509	Drama
1510	Drama
1511	Comedy
1512	Adventure
1513	Action
1514	Comedy
1515	Drama
1516	Drama
1517	Action
1518	Drama
1519	Comedy
1520	Drama
1521	Comedy
1522	Action
1523	Drama
1524	Comedy
1525	Comedy
1526	Adventure
1527	Drama
1528	Crime
1529	Comedy
1530	Sci-Fi
1531	Comedy
1532	Drama
1533	Action
1534	Romance
1535	Drama
1536	Drama
1537	Crime
1538	Drama
1539	Action
1540	Comedy
1541	Adventure
1542	Children's
1543	Drama
1544	Comedy
1545	Action
1546	Action
1547	Children's
1548	Crime
1549	Action
1550	Action
1551	Children's
1552	Comedy
1553	Drama
1554	Adventure
1555	Drama
1556	Action
1557	Crime
1558	Action
1559	Drama
1560	Crime
1561	Comedy
1562	Sci-Fi
1563	Action
1564	Adventure
1565	Action
1566	Action
1567	Drama
1568	Action
1569	Drama
1570	Comedy
1571	Drama
1572	Comedy
1573	Adventure
1574	Action
1575	Crime
1576	Drama
1577	Crime
1578	Drama
1579	Comedy
1580	Horror
1581	Drama
1582	Mystery
1583	Action
1584	Action
1585	Drama
1586	Comedy
1587	Comedy
1588	Thriller
1589	Comedy
1590	Drama
1591	Drama
1592	Action
1593	Drama
1594	Comedy
1595	Comedy
1596	Comedy
1597	Drama
1598	Horror
1599	Crime
1600	Comedy
1601	Crime
1602	Comedy
1603	Documentary
1604	Drama
1605	Drama
1606	Documentary
1607	Drama
1608	Children's
1609	Horror
1610	Romance
1611	Documentary
1612	Romance
1613	Drama
1614	Drama
1615	Thriller
1616	Crime
1617	Comedy
1618	Drama
1619	Comedy
1620	Romance
1621	Action
1622	Drama
1623	Romance
1624	Drama
1625	Crime
1626	Drama
1627	Drama
1628	Drama
1629	Crime
1630	Action
1631	Comedy
1632	Drama
1633	Comedy
1634	Drama
1635	Action
1636	Drama
1637	Drama
1638	Romance
1639	Romance
1640	Crime
1641	Action
1642	Animation
1643	Comedy
1644	Action
1645	Horror
1646	Drama
1647	Drama
1648	Drama
1649	Drama
1650	Crime
1651	Comedy
1652	Drama
1653	Comedy
1654	Children's
1655	Comedy
1656	Drama
1657	Drama
1658	Drama
1659	Children's
1660	Drama
1661	Thriller
1662	Drama
1663	Comedy
1664	Children's
1665	Romance
1666	Thriller
1667	Drama
1668	Horror
1669	Thriller
1670	Drama
1671	Action
1672	Drama
1673	Action
1674	Comedy
1675	Drama
1676	Drama
1677	Drama
1678	Drama
1679	Drama
1680	Crime
1681	Drama
1682	Comedy
1683	Comedy
1684	Drama
1685	Comedy
1686	Drama
1687	Comedy
1688	Action
1689	Action
1690	Drama
1691	Crime
1692	Documentary
1693	Action
1694	Comedy
1695	Comedy
1696	Film-Noir
1697	Romance
1698	Adventure
1699	Action
1700	Comedy
1701	Action
1702	Romance
1703	Horror
1704	Drama
1705	Drama
1706	Drama
1707	Comedy
1708	Action
1709	Comedy
1710	Crime
1711	Drama
1712	Drama
1713	Action
1714	Romance
1715	Horror
1716	Action
1717	Action
1718	Comedy
1719	Drama
1720	Comedy
1721	Adventure
1722	Documentary
1723	Drama
1724	Comedy
1725	Film-Noir
1726	Comedy
1727	Action
1728	Documentary
1729	Action
1730	Drama
1731	Crime
1732	Action
1733	Comedy
1734	Comedy
1735	Drama
1736	Action
1737	Documentary
1738	Thriller
1739	Crime
1740	Action
1741	Crime
1742	Crime
1743	Adventure
1744	Drama
1745	Comedy
1746	Drama
1747	Drama
1748	Children's
1749	Drama
1750	Drama
1751	Comedy
1752	Comedy
1753	Drama
1754	Drama
1755	Comedy
1756	Children's
1757	Comedy
1758	Action
1759	Adventure
1760	Comedy
1761	Drama
1762	Comedy
1763	Action
1764	Action
1765	Action
1766	Drama
1767	Romance
1768	Drama
1769	Comedy
1770	Comedy
1771	Drama
1772	Drama
1773	Crime
1774	Children's
1775	Drama
1776	Comedy
1777	Drama
1778	Drama
1779	Adventure
1780	Adventure
1781	Drama
1782	Drama
1783	Drama
1784	Comedy
1785	Comedy
1786	Comedy
1787	Documentary
1788	Comedy
1789	Action
1790	Drama
1791	Drama
1792	Comedy
1793	Horror
1794	Comedy
1795	Comedy
1796	Documentary
1797	Action
1798	Action
1799	Drama
1800	Action
1801	Comedy
1802	Comedy
1803	Drama
1804	Drama
1805	Comedy
1806	Comedy
1807	Action
1808	Drama
1809	Comedy
1810	Drama
1811	Drama
1812	Adventure
1813	Action
1814	Comedy
1815	Comedy
1816	Comedy
1817	Comedy
1818	Adventure
1819	Comedy
1820	Thriller
1821	Drama
1822	Horror
1823	Mystery
1824	Drama
1825	Adventure
1826	Comedy
1827	Comedy
1828	Drama
1829	Drama
1830	Adventure
1831	Drama
1832	Documentary
1833	Drama
1834	Comedy
1835	Comedy
1836	Drama
1837	Comedy
1838	Animation
1839	Drama
1840	Mystery
1841	Action
1842	Comedy
1843	Action
1844	Drama
1845	Comedy
1846	Drama
1847	Action
1848	Action
1849	Action
1850	Children's
1851	Animation
1852	Sci-Fi
1853	Drama
1854	Comedy
1855	Horror
1856	Drama
1857	Musical
1858	War
1859	Western
1860	Drama
1861	Drama
1862	Adventure
1863	Musical
1864	Drama
1865	Comedy
1866	Drama
1867	Drama
1868	Comedy
1869	Drama
1870	Drama
1871	Drama
1872	Drama
1873	Drama
1874	Drama
1875	Drama
1876	Crime
1877	Drama
1878	Musical
1879	Comedy
1880	Drama
1881	Drama
1882	Musical
1883	Drama
1884	Action
1885	Action
1886	Drama
1887	Drama
1888	Drama
1889	Comedy
1890	Drama
1891	Drama
1892	Drama
1893	Drama
1894	Comedy
1895	Drama
1896	Comedy
1897	Comedy
1898	Adventure
1899	Comedy
1900	Horror
1901	Horror
1902	Horror
1903	Horror
1904	Horror
1905	Horror
1906	Horror
1907	Horror
1908	Horror
1909	Horror
1910	Horror
1911	Horror
1912	Horror
1913	Horror
1914	Horror
1915	Horror
1916	Horror
1917	Horror
1918	Horror
1919	Horror
1920	Horror
1921	Horror
1922	Horror
1923	Horror
1924	Horror
1925	Horror
1926	Horror
1927	Horror
1928	Horror
1929	Horror
1930	Horror
1931	Action
1932	Action
1933	Action
1934	Comedy
1935	Comedy
1936	Adventure
1937	Action
1938	Comedy
1939	Crime
1940	Sci-Fi
1941	Sci-Fi
1942	Comedy
1943	Comedy
1944	Action
1945	Children's
1946	Children's
1947	Children's
1948	Children's
1949	Animation
1950	Action
1951	Drama
1952	Fantasy
1953	Drama
1954	Action
1955	Drama
1956	Drama
1957	Horror
1958	Comedy
1959	Action
1960	Comedy
1961	Drama
1962	Children's
1963	Children's
1964	Animation
1965	Sci-Fi
1966	Children's
1967	Children's
1968	Adventure
1969	Children's
1970	Adventure
1971	Children's
1972	Action
1973	Children's
1974	Adventure
1975	Comedy
1976	Adventure
1977	Adventure
1978	Children's
1979	Animation
1980	Comedy
1981	Adventure
1982	Adventure
1983	Children's
1984	Children's
1985	Adventure
1986	Comedy
1987	Adventure
1988	Adventure
1989	Action
1990	Children's
1991	Comedy
1992	Documentary
1993	Drama
1994	Drama
1995	Comedy
1996	Comedy
1997	Film-Noir
1998	Drama
1999	Drama
2000	Drama
2001	Drama
2002	Drama
2003	Comedy
2004	Comedy
2005	Drama
2006	Drama
2007	Drama
2008	Adventure
2009	Animation
2010	Children's
2011	Animation
2012	Animation
2013	Children's
2014	Children's
2015	Children's
2016	Animation
2017	Drama
2018	Animation
2019	Adventure
2020	Animation
2021	Animation
2022	Children's
2023	Animation
2024	Adventure
2025	Action
2026	Children's
2027	Animation
2028	Children's
2029	Children's
2030	Adventure
2031	Comedy
2032	Adventure
2033	Animation
2034	Adventure
2035	Drama
2036	Action
2037	Drama
2038	Horror
2039	Comedy
2040	Comedy
2041	Comedy
2042	Comedy
2043	Crime
2044	Horror
2045	Drama
2046	Action
2047	Adventure
2048	Drama
2049	Horror
2050	Horror
2051	Drama
2052	Horror
2053	Horror
2054	Animation
2055	Comedy
2056	Drama
2057	Action
2058	Drama
2059	Comedy
2060	Documentary
2061	Crime
2062	Drama
2063	Drama
2064	Adventure
2065	Comedy
2066	Adventure
2067	Comedy
2068	Animation
2069	Animation
2070	Animation
2071	Children's
2072	Animation
2073	Animation
2074	Adventure
2075	Comedy
2076	Comedy
2077	Drama
2078	Drama
2079	Comedy
2080	Comedy
2081	Comedy
2082	Comedy
2083	Children's
2084	Action
2085	Drama
2086	Comedy
2087	Comedy
2088	Romance
2089	Crime
2090	Crime
2091	Horror
2092	Adventure
2093	Adventure
2094	Comedy
2095	Drama
2096	Drama
2097	Drama
2098	Action
2099	Drama
2100	Comedy
2101	Action
2102	Comedy
2103	Comedy
2104	Adventure
2105	Comedy
2106	Drama
2107	Thriller
2108	Comedy
2109	Thriller
2110	Thriller
2111	Thriller
2112	Thriller
2113	Drama
2114	Thriller
2115	Mystery
2116	Thriller
2117	Film-Noir
2118	Mystery
2119	Drama
2120	Animation
2121	Drama
2122	Comedy
2123	Drama
2124	Action
2125	Action
2126	Comedy
2127	Action
2128	Drama
2129	Documentary
2130	Crime
2131	Drama
2132	Drama
2133	Drama
2134	Film-Noir
2135	Thriller
2136	Comedy
2137	Mystery
2138	Drama
2139	Comedy
2140	Crime
2141	Thriller
2142	Thriller
2143	Thriller
2144	Comedy
2145	Thriller
2146	Comedy
2147	Drama
2148	Comedy
2149	Drama
2150	Mystery
2151	Drama
2152	Thriller
2153	Comedy
2154	Comedy
2155	Drama
2156	Drama
2157	Drama
2158	Thriller
2159	Drama
2160	Drama
2161	Comedy
2162	Crime
2163	Sci-Fi
2164	Drama
2165	Drama
2166	Drama
2167	Drama
2168	Drama
2169	Comedy
2170	Comedy
2171	Drama
2172	Comedy
2173	Drama
2174	Comedy
2175	Comedy
2176	Comedy
2177	Comedy
2178	Comedy
2179	Comedy
2180	Comedy
2181	Drama
2182	Comedy
2183	Comedy
2184	Action
2185	Drama
2186	Comedy
2187	Horror
2188	Comedy
2189	Action
2190	Comedy
2191	Action
2192	Comedy
2193	Comedy
2194	Thriller
2195	Drama
2196	Adventure
2197	Comedy
2198	Mystery
2199	Crime
2200	Drama
2201	Documentary
2202	Drama
2203	Drama
2204	Action
2205	Drama
2206	Action
2207	Drama
2208	Drama
2209	Action
2210	Horror
2211	Crime
2212	Crime
2213	Comedy
2214	Drama
2215	Drama
2216	Drama
2217	Comedy
2218	Sci-Fi
2219	Action
2220	Comedy
2221	Comedy
2222	Drama
2223	Romance
2224	Drama
2225	Animation
2226	Comedy
2227	Comedy
2228	Drama
2229	Thriller
2230	Comedy
2231	Comedy
2232	Comedy
2233	Comedy
2234	Drama
2235	Drama
2236	Drama
2237	Comedy
2238	Action
2239	Action
2240	Drama
2241	Drama
2242	Mystery
2243	Drama
2244	Drama
2245	Drama
2246	Horror
2247	Drama
2248	Comedy
2249	Comedy
2250	Comedy
2251	Drama
2252	Comedy
2253	Action
2254	Documentary
2255	Comedy
2256	Comedy
2257	Drama
2258	Horror
2259	Horror
2260	Drama
2261	Documentary
2262	Comedy
2263	Crime
2264	Drama
2265	Action
2266	Comedy
2267	Drama
2268	Drama
2269	Horror
2270	Comedy
2271	Romance
2272	Drama
2273	Comedy
2274	Drama
2275	Action
2276	Drama
2277	Sci-Fi
2278	Action
2279	Drama
2280	Comedy
2281	Comedy
2282	Drama
2283	Comedy
2284	Action
2285	Animation
2286	Animation
2287	Comedy
2288	Drama
2289	Drama
2290	Comedy
2291	Drama
2292	Comedy
2293	Drama
2294	Action
2295	Action
2296	Action
2297	Action
2298	Action
2299	Action
2300	Comedy
2301	Action
2302	Comedy
2303	Comedy
2304	Action
2305	Comedy
2306	Comedy
2307	Action
2308	Horror
2309	Comedy
2310	Comedy
2311	Comedy
2312	Comedy
2313	Comedy
2314	Comedy
2315	Children's
2316	Comedy
2317	Drama
2318	Comedy
2319	Drama
2320	Crime
2321	Comedy
2322	Crime
2323	Comedy
2324	Action
2325	Animation
2326	Comedy
2327	Comedy
2328	Drama
2329	Drama
2330	Adventure
2331	Children's
2332	Western
2333	Action
2334	Action
2335	Action
2336	Action
2337	Action
2338	Comedy
2339	Comedy
2340	Action
2341	Action
2342	Action
2343	Action
2344	Comedy
2345	Action
2346	Drama
2347	Comedy
2348	Comedy
2349	Comedy
2350	Drama
2351	Drama
2352	Action
2353	Action
2354	Comedy
2355	Comedy
2356	Crime
2357	Comedy
2358	Action
2359	Horror
2360	Adventure
2361	Adventure
2362	Comedy
2363	Drama
2364	Drama
2365	Drama
2366	Drama
2367	Comedy
2368	Drama
2369	Drama
2370	Drama
2371	Drama
2372	Drama
2373	Drama
2374	Drama
2375	Comedy
2376	Drama
2377	Thriller
2378	Comedy
2379	Horror
2380	Adventure
2381	Adventure
2382	Horror
2383	Horror
2384	Drama
2385	Horror
2386	Horror
2387	Horror
2388	Action
2389	Comedy
2390	Horror
2391	Horror
2392	Horror
2393	Horror
2394	Comedy
2395	Horror
2396	Horror
2397	Drama
2398	Mystery
2399	Action
2400	Comedy
2401	Adventure
2402	Adventure
2403	Comedy
2404	Comedy
2405	Drama
2406	Action
2407	Action
2408	Adventure
2409	Comedy
2410	Drama
2411	Drama
2412	Drama
2413	Comedy
2414	Comedy
2415	Comedy
2416	Comedy
2417	Drama
2418	Action
2419	Drama
2420	Drama
2421	Action
2422	Comedy
2423	Comedy
2424	Drama
2425	Documentary
2426	Animation
2427	Comedy
2428	Romance
2429	Comedy
2430	Comedy
2431	Comedy
2432	Drama
2433	Comedy
2434	Drama
2435	Comedy
2436	Thriller
2437	Comedy
2438	Comedy
2439	Drama
2440	Comedy
2441	Comedy
2442	Crime
2443	Drama
2444	Horror
2445	Horror
2446	Horror
2447	Horror
2448	Horror
2449	Comedy
2450	Horror
2451	Drama
2452	Drama
2453	Drama
2454	Drama
2455	Action
2456	Action
2457	Sci-Fi
2458	Action
2459	Action
2460	Action
2461	Action
2462	Action
2463	Action
2464	Action
2465	Action
2466	Action
2467	Drama
2468	Adventure
2469	Documentary
2470	Comedy
2471	Action
2472	Drama
2473	Comedy
2474	Comedy
2475	Drama
2476	Comedy
2477	Drama
2478	Drama
2479	Horror
2480	Action
2481	Horror
2482	Drama
2483	Comedy
2484	Horror
2485	Horror
2486	Comedy
2487	Comedy
2488	Drama
2489	Comedy
2490	Animation
2491	Drama
2492	Crime
2493	Drama
2494	Drama
2495	Drama
2496	Musical
2497	Animation
2498	Comedy
2499	Action
2500	Drama
2501	Drama
2502	Action
2503	Comedy
2504	Drama
2505	Comedy
2506	Drama
2507	Drama
2508	Comedy
2509	Sci-Fi
2510	Drama
2511	Crime
2512	Comedy
2513	Action
2514	Mystery
2515	Comedy
2516	Drama
2517	Comedy
2518	Comedy
2519	Drama
2520	Comedy
2521	Drama
2522	Comedy
2523	Drama
2524	Comedy
2525	Drama
2526	Documentary
2527	Comedy
2528	Comedy
2529	Comedy
2530	Comedy
2531	Action
2532	Comedy
2533	Adventure
2534	Drama
2535	Documentary
2536	Crime
2537	Comedy
2538	Drama
2539	Thriller
2540	Drama
2541	Drama
2542	Drama
2543	Drama
2544	Action
2545	Action
2546	Adventure
2547	Action
2548	Action
2549	Comedy
2550	Drama
2551	Drama
2552	Drama
2553	Comedy
2554	Comedy
2555	Drama
2556	Action
2557	Comedy
2558	Documentary
2559	Action
2560	Comedy
2561	Drama
2562	Comedy
2563	Drama
2564	Horror
2565	Horror
2566	Horror
2567	Horror
2568	Horror
2569	Horror
2570	Drama
2571	Action
2572	Action
2573	Action
2574	Action
2575	Horror
2576	Horror
2577	Horror
2578	Horror
2579	Horror
2580	Horror
2581	Horror
2582	Horror
2583	Horror
2584	Horror
2585	Horror
2586	Horror
2587	Horror
2588	Comedy
2589	Sci-Fi
2590	Comedy
2591	Sci-Fi
2592	Sci-Fi
2593	Action
2594	Sci-Fi
2595	Horror
2596	Sci-Fi
2597	Sci-Fi
2598	Sci-Fi
2599	Horror
2600	War
2601	War
2602	Comedy
2603	Drama
2604	Drama
2605	Drama
2606	Comedy
2607	Drama
2608	Documentary
2609	Drama
2610	Drama
2611	Drama
2612	Comedy
2613	Drama
2614	Comedy
2615	Comedy
2616	Comedy
2617	Drama
2618	Animation
2619	Drama
2620	Documentary
2621	Comedy
2622	Drama
2623	Action
2624	Documentary
2625	Comedy
2626	Drama
2627	Comedy
2628	Comedy
2629	Sci-Fi
2630	Action
2631	Animation
2632	Action
2633	Drama
2634	Drama
2635	Drama
2636	Drama
2637	Comedy
2638	Thriller
2639	Romance
2640	Children's
2641	Horror
2642	Drama
2643	Drama
2644	Horror
2645	Drama
2646	Comedy
2647	Comedy
2648	Comedy
2649	Comedy
2650	Horror
2651	Action
2652	Romance
2653	Action
2654	Action
2655	Comedy
2656	Drama
2657	Crime
2658	Film-Noir
2659	Drama
2660	Drama
2661	Drama
2662	Drama
2663	Drama
2664	Adventure
2665	Drama
2666	Action
2667	Comedy
2668	Action
2669	Comedy
2670	Drama
2671	Horror
2672	Action
2673	Comedy
2674	Drama
2675	Drama
2676	Drama
2677	Comedy
2678	Comedy
2679	Action
2680	Drama
2681	Comedy
2682	Comedy
2683	Comedy
2684	Thriller
2685	Horror
2686	Drama
2687	Action
2688	Drama
2689	Drama
2690	Comedy
2691	Drama
2692	Animation
2693	Thriller
2694	Action
2695	Crime
2696	Comedy
2697	Comedy
2698	Comedy
2699	Comedy
2700	Crime
2701	Comedy
2702	Drama
2703	Comedy
2704	Drama
2705	Comedy
2706	Drama
2707	Documentary
2708	Drama
2709	Thriller
2710	Comedy
2711	Comedy
2712	Horror
2713	Horror
2714	Horror
2715	Horror
2716	Horror
2717	Comedy
2718	Horror
2719	Comedy
2720	Horror
2721	Horror
2722	Comedy
2723	Comedy
2724	Comedy
2725	Comedy
2726	Comedy
2727	Comedy
2728	Comedy
2729	Comedy
2730	Comedy
2731	Animation
2732	Drama
2733	Action
2734	Thriller
2735	Comedy
2736	Comedy
2737	Comedy
2738	Action
2739	Action
2740	Comedy
2741	Animation
2742	Comedy
2743	Action
2744	Documentary
2745	Horror
2746	Action
2747	Action
2748	Action
2749	Action
2750	Thriller
2751	Drama
2752	Adventure
2753	Adventure
2754	Action
2755	Documentary
2756	Drama
2757	Action
2758	Sci-Fi
2759	Children's
2760	Comedy
2761	Drama
2762	Drama
2763	Drama
2764	Romance
2765	Comedy
2766	Action
2767	Comedy
2768	Comedy
2769	Comedy
2770	Drama
2771	Thriller
2772	Thriller
2773	Crime
2774	Comedy
2775	Drama
2776	Drama
2777	Children's
2778	Drama
2779	Drama
2780	Comedy
2781	Drama
2782	Adventure
2783	Drama
2784	Horror
2785	Horror
2786	Horror
2787	Thriller
2788	Animation
2789	Comedy
2790	Documentary
2791	Comedy
2792	Comedy
2793	Drama
2794	Comedy
2795	Comedy
2796	Comedy
2797	Drama
2798	Comedy
2799	Horror
2800	Drama
2801	Comedy
2802	Adventure
2803	Action
2804	Drama
2805	Comedy
2806	Drama
2807	Animation
2808	Drama
2809	Horror
2810	Action
2811	Action
2812	Action
2813	Drama
2814	Comedy
2815	Comedy
2816	Drama
2817	Children's
2818	Drama
2819	Comedy
2820	Comedy
2821	Drama
2822	Comedy
2823	Action
2824	Action
2825	Drama
2826	Adventure
2827	Western
2828	Comedy
2829	Horror
2830	Adventure
2831	Horror
2832	Horror
2833	Horror
2834	Horror
2835	Drama
2836	Action
2837	Drama
2838	Comedy
2839	Drama
2840	Documentary
2841	Drama
2842	Drama
2843	Action
2844	Comedy
2845	Comedy
2846	Comedy
2847	Action
2848	Crime
2849	Comedy
2850	Drama
2851	Drama
2852	Western
2853	Western
2854	Comedy
2855	Action
2856	Drama
2857	Comedy
2858	Drama
2859	Drama
2860	Drama
2861	Documentary
2862	Drama
2863	Drama
2864	Drama
2865	Musical
2866	Comedy
2867	Comedy
2868	Comedy
2869	Drama
2870	Drama
2871	Film-Noir
2872	Musical
2873	Drama
2874	Drama
2875	Action
2876	Mystery
2877	Comedy
2878	Action
2879	Action
2880	Action
2881	Adventure
2882	Action
2883	Crime
2884	Children's
2885	Drama
2886	Drama
2887	Action
2888	Drama
2889	Drama
2890	Drama
2891	Drama
2892	Comedy
2893	Comedy
2894	Crime
2895	Drama
2896	Action
2897	Drama
2898	Drama
2899	Adventure
2900	Drama
2901	Adventure
2902	Musical
2903	Drama
2904	Comedy
2905	Horror
2906	Drama
2907	Drama
2908	Comedy
2909	Comedy
2910	Drama
2911	Drama
2912	Documentary
2913	Horror
2914	Thriller
2915	Documentary
2916	Action
2917	Action
2918	Adventure
2919	Drama
2920	Action
2921	Action
2922	Action
2923	Horror
2924	Action
2925	Drama
2926	Horror
2927	Drama
2928	Comedy
2929	Romance
2930	Comedy
2931	Action
2932	Drama
2933	Documentary
2934	Comedy
2935	Comedy
2936	Thriller
2937	Drama
2938	Documentary
2939	Thriller
2940	Drama
2941	Drama
2942	Drama
2943	Comedy
2944	Comedy
2945	Comedy
2946	Thriller
2947	Horror
2948	Horror
2949	Horror
2950	Crime
2951	Action
2952	Horror
2953	Comedy
2954	Comedy
2955	Horror
2956	Western
2957	Horror
2958	Horror
2959	Comedy
2960	Action
2961	Comedy
2962	Comedy
2963	Sci-Fi
2964	Comedy
2965	Animation
2966	Comedy
2967	Adventure
2968	Comedy
2969	Drama
2970	Comedy
2971	Comedy
2972	Comedy
2973	Comedy
2974	Comedy
2975	Mystery
2976	Comedy
2977	Comedy
2978	Drama
2979	Comedy
2980	Comedy
2981	Drama
2982	Drama
2983	Comedy
2984	Drama
2985	Animation
2986	Thriller
2987	Thriller
2988	Comedy
2989	Horror
2990	Drama
2991	Comedy
2992	Comedy
2993	Action
2994	Thriller
2995	Thriller
2996	Drama
2997	War
2998	Comedy
2999	Drama
3000	Drama
3001	Adventure
3002	Drama
3003	Comedy
3004	Drama
3005	Western
3006	Thriller
3007	Comedy
3008	Documentary
3009	Drama
3010	Drama
3011	Drama
3012	Horror
3013	Action
3014	Comedy
3015	Documentary
3016	Horror
3017	Comedy
3018	Comedy
3019	Comedy
3020	Drama
3021	Drama
3022	Drama
3023	Drama
3024	Drama
3025	Drama
3026	Drama
3027	Comedy
3028	Comedy
3029	Drama
3030	Comedy
3031	Drama
3032	Thriller
3033	Thriller
3034	Drama
3035	Action
3036	Drama
3037	Drama
3038	Action
3039	Comedy
3040	Drama
3041	Drama
3042	Drama
3043	Drama
3044	Action
3045	Animation
3046	Drama
3047	Drama
3048	Drama
3049	Drama
3050	Horror
3051	Comedy
3052	Film-Noir
3053	Drama
3054	Comedy
3055	Comedy
3056	Drama
3057	Drama
3058	Drama
3059	Drama
3060	Comedy
3061	Comedy
3062	Comedy
3063	Comedy
3064	Comedy
3065	Drama
3066	Drama
3067	Documentary
3068	Action
3069	Drama
3070	Action
3071	Comedy
3072	Drama
3073	Documentary
3074	Drama
3075	Comedy
3076	Drama
3077	Comedy
3078	Drama
3079	Drama
3080	Mystery
3081	Drama
3082	Crime
3083	Drama
3084	Action
3085	Drama
3086	Drama
3087	Comedy
3088	Children's
3089	Drama
3090	Animation
3091	Drama
3092	Drama
3093	Comedy
3094	Drama
3095	Drama
3096	Action
3097	Adventure
3098	Drama
3099	Adventure
3100	Drama
3101	Western
3102	Drama
3103	Adventure
3104	Drama
3105	Comedy
3106	Adventure
3107	Drama
3108	Comedy
3109	Drama
3110	Drama
3111	Comedy
3112	Drama
3113	Documentary
3114	Drama
3115	Action
3116	Drama
3117	Drama
3118	Drama
3119	Documentary
3120	Comedy
3121	Adventure
3122	Drama
3123	Drama
3124	Documentary
3125	Drama
3126	Drama
3127	Drama
3128	Action
3129	Drama
3130	Comedy
3131	Comedy
3132	Drama
3133	Drama
3134	Thriller
3135	Thriller
3136	Horror
3137	Romance
3138	Adventure
3139	Action
3140	Drama
3141	Comedy
3142	Drama
3143	Drama
3144	Animation
3145	Drama
3146	Drama
3147	Horror
3148	Drama
3149	Drama
3150	Thriller
3151	Drama
3152	Drama
3153	Drama
3154	Drama
3155	Drama
3156	Comedy
3157	Documentary
3158	Comedy
3159	Comedy
3160	Crime
3161	Thriller
3162	Comedy
3163	Comedy
3164	Comedy
3165	Comedy
3166	Comedy
3167	Western
3168	Documentary
3169	Thriller
3170	Comedy
3171	Comedy
3172	Comedy
3173	Comedy
3174	Comedy
3175	Comedy
3176	Drama
3177	Drama
3178	Comedy
3179	Comedy
3180	Thriller
3181	Drama
3182	Drama
3183	Drama
3184	Comedy
3185	Comedy
3186	Comedy
3187	Action
3188	Action
3189	Comedy
3190	Drama
3191	Drama
3192	Comedy
3193	Drama
3194	Comedy
3195	Comedy
3196	Action
3197	Action
3198	Action
3199	Action
3200	Adventure
3201	Drama
3202	Drama
3203	Crime
3204	Horror
3205	Action
3206	Action
3207	Comedy
3208	Drama
3209	Documentary
3210	Action
3211	Horror
3212	Documentary
3213	Comedy
3214	Action
3215	Comedy
3216	Adventure
3217	Comedy
3218	Animation
3219	Drama
3220	Drama
3221	Comedy
3222	Thriller
3223	Film-Noir
3224	Drama
3225	Horror
3226	Drama
3227	Drama
3228	Documentary
3229	Drama
3230	Comedy
3231	Action
3232	Comedy
3233	Comedy
3234	Documentary
3235	Crime
3236	Film-Noir
3237	Comedy
3238	Comedy
3239	Comedy
3240	Comedy
3241	Action
3242	Western
3243	Drama
3244	Comedy
3245	Action
3246	Musical
3247	Action
3248	Comedy
3249	Thriller
3250	Drama
3251	Comedy
3252	Comedy
3253	Comedy
3254	Comedy
3255	Comedy
3256	Comedy
3257	Comedy
3258	Documentary
3259	Crime
3260	Drama
3261	Drama
3262	Drama
3263	Adventure
3264	Drama
3265	Crime
3266	Crime
3267	Drama
3268	Comedy
3269	Documentary
3270	War
3271	Horror
3272	Comedy
3273	Drama
3274	Comedy
3275	Horror
3276	Adventure
3277	Horror
3278	Drama
3279	Crime
3280	Comedy
3281	Drama
3282	Horror
3283	Drama
3284	Comedy
3285	Sci-Fi
3286	Thriller
3287	Documentary
3288	Drama
3289	Comedy
3290	Drama
3291	Drama
3292	Comedy
3293	Comedy
3294	Comedy
3295	Crime
3296	Western
3297	Action
3298	War
3299	Romance
3300	Crime
3301	Drama
3302	Drama
3303	Action
3304	Western
3305	Drama
3306	Sci-Fi
3307	Romance
3308	Drama
3309	Drama
3310	Drama
3311	Film-Noir
3312	Comedy
3313	Drama
3314	Drama
3315	Action
3316	Comedy
3317	Drama
3318	Comedy
3319	Comedy
3320	Action
3321	Adventure
3322	Comedy
3323	Comedy
3324	Comedy
3325	Comedy
3326	Comedy
3327	Children's
3328	Children's
3329	Children's
3330	Children's
3331	Animation
3332	Adventure
3333	Drama
3334	Drama
3335	Action
3336	Action
3337	Action
3338	Comedy
3339	Drama
3340	Drama
3341	Comedy
3342	Drama
3343	Adventure
3344	Crime
3345	Romance
3346	Drama
3347	Drama
3348	Adventure
3349	Action
3350	Comedy
3351	Drama
3352	Comedy
3353	Comedy
3354	Drama
3355	Comedy
3356	Drama
3357	Drama
3358	Crime
3359	Drama
3360	Animation
3361	Action
3362	Action
3363	Action
3364	Action
3365	Action
3366	Crime
3367	Drama
3368	Drama
3369	Action
3370	Action
3371	Action
3372	Action
3373	Action
3374	Action
3375	Action
3376	Mystery
3377	Comedy
3378	Drama
3379	Comedy
3380	Drama
3381	Comedy
3382	Comedy
3383	Action
3384	Drama
3385	Comedy
3386	Drama
3387	Drama
3388	Drama
3389	Drama
3390	Drama
3391	Comedy
3392	Adventure
3393	Comedy
3394	Comedy
3395	Sci-Fi
3396	Drama
3397	Comedy
3398	Drama
3399	Drama
3400	Drama
3401	Adventure
3402	Drama
3403	Horror
3404	Comedy
3405	Sci-Fi
3406	Drama
3407	Horror
3408	Comedy
3409	Drama
3410	Adventure
3411	Drama
3412	Comedy
3413	Drama
3414	Animation
3415	Thriller
3416	Horror
3417	Sci-Fi
3418	Western
3419	Horror
3420	Adventure
3421	Horror
3422	Comedy
3423	Adventure
3424	Horror
3425	Adventure
3426	Comedy
3427	Drama
3428	Comedy
3429	Drama
3430	Horror
3431	Comedy
3432	Comedy
3433	Drama
3434	Drama
3435	Comedy
3436	Thriller
3437	Comedy
3438	Comedy
3439	Western
3440	Drama
3441	Drama
3442	Comedy
3443	Drama
3444	Drama
3445	Drama
3446	Comedy
3447	Comedy
3448	Crime
3449	Drama
3450	Action
3451	Comedy
3452	Comedy
3453	Drama
3454	Action
3455	Comedy
3456	Comedy
3457	Comedy
3458	Action
3459	Drama
3460	Crime
3461	Comedy
3462	Comedy
3463	Comedy
3464	Drama
3465	Comedy
3466	Comedy
3467	Comedy
3468	Comedy
3469	Comedy
3470	Documentary
3471	Romance
3472	Action
3473	Drama
3474	Comedy
3475	Comedy
3476	Musical
3477	Drama
3478	Drama
3479	Comedy
3480	Musical
3481	Horror
3482	Thriller
3483	Comedy
3484	Drama
3485	Drama
3486	Action
3487	Comedy
3488	Thriller
3489	Drama
3490	Drama
3491	Drama
3492	Drama
3493	Comedy
3494	Action
3495	Children's
3496	Comedy
3497	Comedy
3498	Comedy
3499	Drama
3500	Comedy
3501	Drama
3502	Drama
3503	Horror
3504	Horror
3505	Horror
3506	Drama
3507	Action
3508	Drama
3509	Action
3510	Drama
3511	Drama
3512	Drama
3513	Drama
3514	Drama
3515	Action
3516	Adventure
3517	Drama
3518	Horror
3519	Crime
3520	Horror
3521	Comedy
3522	Comedy
3523	Animation
3524	Action
3525	Drama
3526	Comedy
3527	Comedy
3528	Comedy
3529	Drama
3530	Comedy
3531	Comedy
3532	Comedy
3533	Musical
3534	Comedy
3535	Musical
3536	Drama
3537	Musical
3538	Comedy
3539	Comedy
3540	Documentary
3541	Musical
3542	Animation
3543	Adventure
3544	Comedy
3545	Comedy
3546	Animation
3547	Comedy
3548	Comedy
3549	Comedy
3550	Comedy
3551	Comedy
3552	Drama
3553	Comedy
3554	Action
3555	Action
3556	Documentary
3557	Comedy
3558	Horror
3559	Action
3560	Comedy
3561	Horror
3562	Comedy
3563	Comedy
3564	Action
3565	Thriller
3566	Action
3567	Drama
3568	Drama
3569	Action
3570	Action
3571	Comedy
3572	Drama
3573	Western
3574	Action
3575	Western
3576	Drama
3577	Comedy
3578	Drama
3579	Horror
3580	Drama
3581	Horror
3582	Horror
3583	Horror
3584	Documentary
3585	Action
3586	Drama
3587	Crime
3588	Drama
3589	Sci-Fi
3590	Sci-Fi
3591	Horror
3592	Horror
3593	Horror
3594	Horror
3595	Horror
3596	Horror
3597	Horror
3598	Action
3599	Drama
3600	Comedy
3601	War
3602	Comedy
3603	Adventure
3604	Adventure
3605	Adventure
3606	Musical
3607	Drama
3608	Documentary
3609	Drama
3610	Documentary
3611	Documentary
3612	Western
3613	Western
3614	Drama
3615	Drama
3616	Comedy
3617	Thriller
3618	Sci-Fi
3619	Comedy
3620	Comedy
3621	Comedy
3622	Comedy
3623	Comedy
3624	Comedy
3625	Comedy
3626	Comedy
3627	Comedy
3628	Action
3629	Action
3630	Adventure
3631	Drama
3632	Crime
3633	Action
3634	Action
3635	Action
3636	Action
3637	Film-Noir
3638	Drama
3639	Horror
3640	Horror
3641	Action
3642	Drama
3643	Comedy
3644	Drama
3645	Drama
3646	Comedy
3647	Action
3648	Action
3649	Documentary
3650	Comedy
3651	Drama
3652	Comedy
3653	Comedy
3654	Drama
3655	Drama
3656	Animation
3657	Action
3658	Comedy
3659	Thriller
3660	Action
3661	Drama
3662	Drama
3663	Horror
3664	Drama
3665	Drama
3666	Crime
3667	Drama
3668	Drama
3669	Drama
3670	Comedy
3671	Action
3672	Crime
3673	Drama
3674	Comedy
3675	Action
3676	Adventure
3677	Drama
3678	Drama
3679	Comedy
3680	Drama
3681	Drama
3682	Animation
3683	Comedy
3684	Action
3685	Animation
3686	Action
3687	Drama
3688	Horror
3689	Drama
3690	Animation
3691	Comedy
3692	Crime
3693	Horror
3694	Action
3695	Action
3696	Drama
3697	Action
3698	Action
3699	Action
3700	Action
3701	Adventure
3702	Action
3703	Horror
3704	Comedy
3705	Comedy
3706	Animation
3707	Animation
3708	Comedy
3709	Comedy
3710	Sci-Fi
3711	Sci-Fi
3712	Action
3713	Action
3714	Crime
3715	Comedy
3716	Comedy
3717	Comedy
3718	Comedy
3719	Drama
3720	Drama
3721	Drama
3722	Drama
3723	Western
3724	Action
3725	Comedy
3726	Drama
3727	Romance
3728	Thriller
3729	Thriller
3730	Animation
3731	Drama
3732	Drama
3733	Action
3734	Drama
3735	Comedy
3736	Action
3737	Western
3738	Action
3739	Drama
3740	Comedy
3741	Drama
3742	Drama
3743	Comedy
3744	Drama
3745	Comedy
3746	Drama
3747	Comedy
3748	Comedy
3749	Comedy
3750	Children's
3751	Comedy
3752	Drama
3753	Drama
3754	Drama
3755	Drama
3756	Horror
3757	Action
3758	Comedy
3759	Comedy
3760	Comedy
3761	Comedy
3762	Horror
3763	Horror
3764	Adventure
3765	Thriller
3766	Action
3767	Horror
3768	Horror
3769	Horror
3770	Horror
3771	Action
3772	Horror
3773	Horror
3774	Drama
3775	Drama
3776	Comedy
3777	Horror
3778	Drama
3779	Thriller
3780	Crime
3781	Comedy
3782	Comedy
3783	Drama
3784	Drama
3785	Drama
3786	Drama
3787	Thriller
3788	Comedy
3789	Documentary
3790	Crime
3791	Comedy
3792	Comedy
3793	Sci-Fi
3794	Action
3795	Comedy
3796	Comedy
3797	Drama
3798	Comedy
3799	Comedy
3800	Drama
3801	Drama
3802	Drama
3803	Comedy
3804	Comedy
3805	Horror
3806	Drama
3807	Action
3808	Sci-Fi
3809	Action
3810	Documentary
3811	Documentary
3812	Comedy
3813	Comedy
3814	Comedy
3815	Comedy
3816	Drama
3817	Drama
3818	Drama
3819	Action
3820	Documentary
3821	Crime
3822	Horror
3823	Comedy
3824	Drama
3825	Crime
3826	Crime
3827	Comedy
3828	Action
3829	Comedy
3830	Comedy
3831	Comedy
3832	Drama
3833	Drama
3834	Drama
3835	Comedy
3836	Crime
3837	Drama
3838	Horror
3839	Comedy
3840	Drama
3841	Comedy
3842	Comedy
3843	Documentary
3844	Drama
3845	Drama
3846	Drama
3847	Horror
3848	Horror
3849	Horror
3850	Drama
3851	Comedy
3852	Comedy
3853	Horror
3854	Comedy
3855	Comedy
3856	Adventure
3857	Adventure
3858	Comedy
3859	Comedy
3860	Horror
3861	Horror
3862	Horror
3863	Horror
3864	Sci-Fi
3865	Horror
3866	Drama
3867	Sci-Fi
3868	Horror
3869	Horror
3870	Horror
3871	Horror
3872	Horror
3873	Comedy
3874	Comedy
3875	Adventure
3876	Action
3877	Thriller
3878	Comedy
3879	Drama
3880	Drama
3881	Drama
3882	Drama
